user1@email.com,exemplo,user144@email.com
user2@email.com,exemplo,user78@email.com
user3@email.com,exemplo,user248@email.com
user4@email.com,exemplo,user85@email.com
user5@email.com,exemplo,user185@email.com
user6@email.com,exemplo,user45@email.com
user7@email.com,exemplo,user74@email.com
user8@email.com,exemplo,user2@email.com
user9@email.com,exemplo,user201@email.com
user10@email.com,exemplo,user208@email.com
user11@email.com,exemplo,user18@email.com
user12@email.com,exemplo,user198@email.com
user13@email.com,exemplo,user11@email.com
user14@email.com,exemplo,user95@email.com
user15@email.com,exemplo,user105@email.com
user16@email.com,exemplo,user217@email.com
user17@email.com,exemplo,user168@email.com
user18@email.com,exemplo,user10@email.com
user19@email.com,exemplo,user150@email.com
user20@email.com,exemplo,user211@email.com
user21@email.com,exemplo,user55@email.com
user22@email.com,exemplo,user228@email.com
user23@email.com,exemplo,user136@email.com
user24@email.com,exemplo,user237@email.com
user25@email.com,exemplo,user12@email.com
user26@email.com,exemplo,user175@email.com
user27@email.com,exemplo,user245@email.com
user28@email.com,exemplo,user126@email.com
user29@email.com,exemplo,user67@email.com
user30@email.com,exemplo,user9@email.com
user31@email.com,exemplo,user53@email.com
user32@email.com,exemplo,user127@email.com
user33@email.com,exemplo,user25@email.com
user34@email.com,exemplo,user218@email.com
user35@email.com,exemplo,user113@email.com
user36@email.com,exemplo,user42@email.com
user37@email.com,exemplo,user76@email.com
user38@email.com,exemplo,user110@email.com
user39@email.com,exemplo,user204@email.com
user40@email.com,exemplo,user100@email.com
user41@email.com,exemplo,user190@email.com
user42@email.com,exemplo,user45@email.com
user43@email.com,exemplo,user21@email.com
user44@email.com,exemplo,user2@email.com
user45@email.com,exemplo,user41@email.com
user46@email.com,exemplo,user230@email.com
user47@email.com,exemplo,user218@email.com
user48@email.com,exemplo,user108@email.com
user49@email.com,exemplo,user47@email.com
user50@email.com,exemplo,user228@email.com
user51@email.com,exemplo,user216@email.com
user52@email.com,exemplo,user52@email.com
user53@email.com,exemplo,user140@email.com
user54@email.com,exemplo,user213@email.com
user55@email.com,exemplo,user167@email.com
user56@email.com,exemplo,user115@email.com
user57@email.com,exemplo,user212@email.com
user58@email.com,exemplo,user211@email.com
user59@email.com,exemplo,user227@email.com
user60@email.com,exemplo,user195@email.com
user61@email.com,exemplo,user24@email.com
user62@email.com,exemplo,user111@email.com
user63@email.com,exemplo,user26@email.com
user64@email.com,exemplo,user36@email.com
user65@email.com,exemplo,user155@email.com
user66@email.com,exemplo,user1@email.com
user67@email.com,exemplo,user243@email.com
user68@email.com,exemplo,user29@email.com
user69@email.com,exemplo,user5@email.com
user70@email.com,exemplo,user201@email.com
user71@email.com,exemplo,user79@email.com
user72@email.com,exemplo,user49@email.com
user73@email.com,exemplo,user85@email.com
user74@email.com,exemplo,user184@email.com
user75@email.com,exemplo,user100@email.com
user76@email.com,exemplo,user52@email.com
user77@email.com,exemplo,user66@email.com
user78@email.com,exemplo,user204@email.com
user79@email.com,exemplo,user102@email.com
user80@email.com,exemplo,user151@email.com
user81@email.com,exemplo,user96@email.com
user82@email.com,exemplo,user193@email.com
user83@email.com,exemplo,user68@email.com
user84@email.com,exemplo,user144@email.com
user85@email.com,exemplo,user180@email.com
user86@email.com,exemplo,user106@email.com
user87@email.com,exemplo,user69@email.com
user88@email.com,exemplo,user153@email.com
user89@email.com,exemplo,user201@email.com
user90@email.com,exemplo,user54@email.com
user91@email.com,exemplo,user60@email.com
user92@email.com,exemplo,user57@email.com
user93@email.com,exemplo,user87@email.com
user94@email.com,exemplo,user180@email.com
user95@email.com,exemplo,user142@email.com
user96@email.com,exemplo,user214@email.com
user97@email.com,exemplo,user134@email.com
user98@email.com,exemplo,user66@email.com
user99@email.com,exemplo,user178@email.com
user100@email.com,exemplo,user209@email.com
user101@email.com,exemplo,user26@email.com
user102@email.com,exemplo,user84@email.com
user103@email.com,exemplo,user61@email.com
user104@email.com,exemplo,user86@email.com
user105@email.com,exemplo,user223@email.com
user106@email.com,exemplo,user154@email.com
user107@email.com,exemplo,user110@email.com
user108@email.com,exemplo,user121@email.com
user109@email.com,exemplo,user230@email.com
user110@email.com,exemplo,user228@email.com
user111@email.com,exemplo,user41@email.com
user112@email.com,exemplo,user75@email.com
user113@email.com,exemplo,user161@email.com
user114@email.com,exemplo,user56@email.com
user115@email.com,exemplo,user194@email.com
user116@email.com,exemplo,user170@email.com
user117@email.com,exemplo,user44@email.com
user118@email.com,exemplo,user46@email.com
user119@email.com,exemplo,user92@email.com
user120@email.com,exemplo,user46@email.com
user121@email.com,exemplo,user141@email.com
user122@email.com,exemplo,user207@email.com
user123@email.com,exemplo,user162@email.com
user124@email.com,exemplo,user104@email.com
user125@email.com,exemplo,user56@email.com
user126@email.com,exemplo,user249@email.com
user127@email.com,exemplo,user209@email.com
user128@email.com,exemplo,user1@email.com
user129@email.com,exemplo,user205@email.com
user130@email.com,exemplo,user171@email.com
user131@email.com,exemplo,user83@email.com
user132@email.com,exemplo,user246@email.com
user133@email.com,exemplo,user53@email.com
user134@email.com,exemplo,user76@email.com
user135@email.com,exemplo,user62@email.com
user136@email.com,exemplo,user219@email.com
user137@email.com,exemplo,user95@email.com
user138@email.com,exemplo,user231@email.com
user139@email.com,exemplo,user47@email.com
user140@email.com,exemplo,user31@email.com
user141@email.com,exemplo,user158@email.com
user142@email.com,exemplo,user209@email.com
user143@email.com,exemplo,user70@email.com
user144@email.com,exemplo,user165@email.com
user145@email.com,exemplo,user22@email.com
user146@email.com,exemplo,user115@email.com
user147@email.com,exemplo,user126@email.com
user148@email.com,exemplo,user156@email.com
user149@email.com,exemplo,user37@email.com
user150@email.com,exemplo,user186@email.com
user151@email.com,exemplo,user233@email.com
user152@email.com,exemplo,user5@email.com
user153@email.com,exemplo,user246@email.com
user154@email.com,exemplo,user204@email.com
user155@email.com,exemplo,user2@email.com
user156@email.com,exemplo,user37@email.com
user157@email.com,exemplo,user42@email.com
user158@email.com,exemplo,user223@email.com
user159@email.com,exemplo,user115@email.com
user160@email.com,exemplo,user49@email.com
user161@email.com,exemplo,user57@email.com
user162@email.com,exemplo,user13@email.com
user163@email.com,exemplo,user1@email.com
user164@email.com,exemplo,user138@email.com
user165@email.com,exemplo,user167@email.com
user166@email.com,exemplo,user44@email.com
user167@email.com,exemplo,user75@email.com
user168@email.com,exemplo,user65@email.com
user169@email.com,exemplo,user106@email.com
user170@email.com,exemplo,user61@email.com
user171@email.com,exemplo,user109@email.com
user172@email.com,exemplo,user213@email.com
user173@email.com,exemplo,user129@email.com
user174@email.com,exemplo,user120@email.com
user175@email.com,exemplo,user71@email.com
user176@email.com,exemplo,user140@email.com
user177@email.com,exemplo,user4@email.com
user178@email.com,exemplo,user179@email.com
user179@email.com,exemplo,user99@email.com
user180@email.com,exemplo,user137@email.com
user181@email.com,exemplo,user23@email.com
user182@email.com,exemplo,user187@email.com
user183@email.com,exemplo,user38@email.com
user184@email.com,exemplo,user46@email.com
user185@email.com,exemplo,user88@email.com
user186@email.com,exemplo,user232@email.com
user187@email.com,exemplo,user90@email.com
user188@email.com,exemplo,user44@email.com
user189@email.com,exemplo,user162@email.com
user190@email.com,exemplo,user247@email.com
user191@email.com,exemplo,user157@email.com
user192@email.com,exemplo,user16@email.com
user193@email.com,exemplo,user76@email.com
user194@email.com,exemplo,user234@email.com
user195@email.com,exemplo,user129@email.com
user196@email.com,exemplo,user170@email.com
user197@email.com,exemplo,user147@email.com
user198@email.com,exemplo,user109@email.com
user199@email.com,exemplo,user30@email.com
user200@email.com,exemplo,user150@email.com
user201@email.com,exemplo,user13@email.com
user202@email.com,exemplo,user166@email.com
user203@email.com,exemplo,user100@email.com
user204@email.com,exemplo,user215@email.com
user205@email.com,exemplo,user190@email.com
user206@email.com,exemplo,user127@email.com
user207@email.com,exemplo,user39@email.com
user208@email.com,exemplo,user80@email.com
user209@email.com,exemplo,user45@email.com
user210@email.com,exemplo,user234@email.com
user211@email.com,exemplo,user104@email.com
user212@email.com,exemplo,user231@email.com
user213@email.com,exemplo,user74@email.com
user214@email.com,exemplo,user77@email.com
user215@email.com,exemplo,user1@email.com
user216@email.com,exemplo,user242@email.com
user217@email.com,exemplo,user190@email.com
user218@email.com,exemplo,user238@email.com
user219@email.com,exemplo,user21@email.com
user220@email.com,exemplo,user130@email.com
user221@email.com,exemplo,user7@email.com
user222@email.com,exemplo,user138@email.com
user223@email.com,exemplo,user63@email.com
user224@email.com,exemplo,user213@email.com
user225@email.com,exemplo,user144@email.com
user226@email.com,exemplo,user51@email.com
user227@email.com,exemplo,user244@email.com
user228@email.com,exemplo,user179@email.com
user229@email.com,exemplo,user238@email.com
user230@email.com,exemplo,user24@email.com
user231@email.com,exemplo,user136@email.com
user232@email.com,exemplo,user74@email.com
user233@email.com,exemplo,user21@email.com
user234@email.com,exemplo,user65@email.com
user235@email.com,exemplo,user237@email.com
user236@email.com,exemplo,user10@email.com
user237@email.com,exemplo,user104@email.com
user238@email.com,exemplo,user180@email.com
user239@email.com,exemplo,user49@email.com
user240@email.com,exemplo,user73@email.com
user241@email.com,exemplo,user60@email.com
user242@email.com,exemplo,user81@email.com
user243@email.com,exemplo,user134@email.com
user244@email.com,exemplo,user247@email.com
user245@email.com,exemplo,user128@email.com
user246@email.com,exemplo,user223@email.com
user247@email.com,exemplo,user213@email.com
user248@email.com,exemplo,user84@email.com
user249@email.com,exemplo,user67@email.com
user250@email.com,exemplo,user103@email.com
